id,roc_auc,accuracy,n_samples,n_features,length,n_flat_features,n_classes,class_balance,n_nodes,density,n_time_inputs,n_state_inputs,n_roots,mean_state_lag,max_state_lag,has_periodic,has_nonlinear,prob_nn,prob_tree,prob_disc,target_offset,is_forecasting,target_offset_type,sample_mode,window_stride,apply_warping,warping_intensity,apply_quantization,target_in_features,edge_noise_prob,noise_scale,state_alpha,spatial_distance_alpha,tree_depth,is_univariate,auc_category
0,0.47871259462480314,0.32510288065843623,810,1,153,153,3,1.0,11,0.13320791889597303,2,5,7,3.6,8,1,0,0.5,0.3,0.2,0,0,within,sliding_window,1,0,0.2453577478829336,0,0,0.05,0.00446116729213963,0.380427136515806,1.5,3,True,Poor (≤0.5)
1,0.6545432828690017,0.4371584699453552,1833,1,82,82,3,1.0,7,0.3616702397291407,2,2,4,3.0,4,1,0,0.5,0.3,0.2,0,0,within,iid,1,0,0.2347220785897682,0,0,0.05,0.003101152580109333,0.5754158963392595,1.5,2,True,Good (0.65-0.8)
2,0.5720699339424865,0.4025157232704403,1595,1,125,125,3,0.9981203007518797,6,0.39561471828254036,2,2,4,3.0,4,1,0,0.5,0.3,0.2,0,0,within,iid,1,0,0.237579144499785,0,0,0.05,0.001637909984565849,0.3344637947518545,1.5,3,True,Fair (0.5-0.65)
6,0.47110870740941047,0.5023255813953489,1437,1,270,270,2,0.9986091794158554,7,0.49592197932962967,2,2,4,2.0,2,1,0,0.5,0.3,0.2,8,1,future,iid,1,0,0.15148755900731506,0,0,0.05,0.07077707005387021,0.30338223319470264,1.5,2,True,Poor (≤0.5)
8,0.6342418204316338,0.313953488372093,296,4,84,336,6,0.98,8,0.21618799014351558,2,2,4,3.0,4,1,0,0.5,0.3,0.2,2,1,future,iid,1,0,0.23895864046405324,0,1,0.05,0.0010701284300392315,0.7491496734328511,1.5,1,False,Fair (0.5-0.65)
9,0.8282666666666667,0.8333333333333334,502,1,240,240,2,1.0,10,0.34135602983747937,2,2,4,3.5,4,0,1,0.5,0.3,0.2,2,1,future,mixed,4,0,0.23249259952617587,0,1,0.05,0.0013278831218249021,0.5934872616432578,1.5,1,True,Excellent (>0.8)
11,1.0,1.0,600,1,84,84,2,1.0,5,0.36907325530018203,2,2,4,3.0,3,1,0,0.5,0.3,0.2,1,1,future,sliding_window,2,0,0.15784516168056748,0,1,0.05,0.0011277338164438686,0.5258943786002315,1.5,1,True,Excellent (>0.8)
12,0.7704043392504931,0.5019230769230769,1744,1,167,167,4,1.0,7,0.4123038204964074,2,2,4,8.0,8,1,0,0.5,0.3,0.2,0,0,within,iid,1,1,0.18024419518688722,0,0,0.05,0.0049982659166671805,0.6833757416656437,1.5,4,True,Good (0.65-0.8)
14,0.9992820712906647,0.9649890590809628,1532,1,218,218,5,0.996742671009772,5,0.19229585125610985,2,2,4,7.5,8,1,0,0.5,0.3,0.2,0,0,within,iid,1,0,0.12125426897297643,0,0,0.05,0.001051863710018641,0.4583753183692795,1.5,1,True,Excellent (>0.8)
